hashtag,node_hash,weight
105micasalive,4775789937617671366,2
15gennaio,5086862935539460084,1
1decembrie,4313838798712150368,1
1dicembre,7800017937073704225,58
1diciembre,6283088407045531657,4
1miliardo,-5386461485839239998,1
1stfanmeetohmflukeday2,-883415440374793503,1
2020mama,-3090740062825859845,1
29novembre,-5360630935332975532,1
2dicembre,4894978947803975408,1
30novembre,-8683430093563756823,1
33giri,5543620812423942001,1
5dicembre,-7497505123160089750,1
5g,2615098700338653612,5
5gitaly2020,-6837197417835328679,2
5stelle,3442368247288925405,1
5vieartanddesign,-1596628847905168478,1
7dicembre,4042166752610635732,1
8_dicembre,1844441200754302390,1
8dicembre,450057290014098005,1
9dicembre,-1311793657148886684,5
abbinamenti,-8727959182954863581,3
abruzzese,-3472224652624427389,1
abruzzo,4683349434070377798,2
abusodufficio,9772126146658657,1
accaddeoggi,-7016915630395808564,3
accessibilità,9195925758298807031,1
acmilan,-1965973748935548916,2
acqua,2757563752050616396,2
acquedotto,-7755480425142385840,2
actafintech,963976943719773509,1
actionaid,9153740362489409926,3
actualgoalsaf,-1847645914127439530,1
ad10s,1815607253927582145,1
ad10sdiego,-9160829583508743323,1
addio,-2565252668032333981,1
adoropotente,3471417317330245713,1
adozione,-3094145979250389705,1
adventcalendar,-712045658177304375,1
advocacy,346587123000359603,1
aespa,-8950382422606893478,1
aespahotdebut,-8473347459541520146,1
afasenda12,4142470593090121473,1
afazenda12,8761927635745640717,1
afghanistan,6231113677693838513,1
agenziadelleentrate,-1944152802885470489,1
aggiornamento1dicembre2020,-4916567426313905057,1
agi,2677758385290990561,1
agorarai,7457813942700918089,1
agostinocasillo,-2861043080540187814,1
agricoltura,6519592140671159325,1
ai,-7877402882441981280,1
aids,2223086421979713926,20
aidsday,-25448311054219163,1
aidsday2020,-790796324649242861,1
airforcerenzi,-5437623819967349115,2
airplay,8131990111881051634,2
alaaabdeelfatah,412174349553146910,1
albania,-3629672911803281683,1
alberodinatale,2646242626795016300,2
album,-3194832447317370648,1
alessandropellizzari,3120722079813859901,1
alessiaslorenzi,6261724085669731019,1
alitalia,3263430338363201130,2
allerta,-899941844174067792,1
allertameteoer,-348388986009256144,1
almamater,-3479829933894167291,3
alsisi,5190354755744772300,1
amantestampella,-2918717820989964525,1
amanti,4564019091529472780,1
amarefabene,8642078877775648146,1
amazon,7286988317992130176,2
ambiente,8419368761342011827,1
american,-8556298323881759976,1
amici20,5126659043367911441,2
aml,6167905596628862913,1
amministratorecondominialemascalucia,4498890858373540993,1
amministratoreimmobiliaremascalucia,4983448653589346023,1
amministratoridicondominiocatania,-3119318706399131341,1
amore,5218720536480882207,1
anala,524213890077440648,1
anastasia,-9032149868089282096,1
andreariccardi,-2426361804869334685,2
angelilli,4603191919253750408,4
angels4women,7719039598877573527,1
animalcrossingnewhorizons,2499517488637074623,2
animeerranti,2002107268691454391,1
anitwt,-1837277633991803929,1
anlaids,5738394932704269940,1
annamariafurlan,1214870290629495615,4
annesylvestre,-6753257832153130819,1
annunci,2451973112460172364,1
annuncicalabria,-1711730471073917639,1
annuncicatanzaro,-7730943125607545126,1
ansa,-5561083893870613514,7
ansalifestyle,4310141852083840052,1
ansaviaggiart,-376473460960406481,1
antenati,-2230947378715674493,1
anteprima24,-3883867548830466042,3
antiborghese,-1023940852517278015,1
antimafia,-4051071280555983025,1
antiriciclaggio,7242028807413889006,1
antoninochefacademy,-6578747349540636611,1
antonioligabue,-2821506064864217043,1
aperithinik,4456685758456070127,3
appello,-3951645130109642103,1
apple,-1903218603626193817,1
appleitalia,-6680729798748964597,1
applenews,-3364360039235408645,1
appleusa,-7901519114484030307,1
architettura,1633294608739249642,1
arcticmonkeys,5581019735285525232,1
aria,-8083437693182298929,1
ariaitalia,-8486788551616744860,3
arpaise,-8782972214531529649,1
arredo,-192104512875697280,1
art,6687629276451512809,1
arte,8680600637466779384,1
articolo13,2346483615200163225,1
arturodiaconale,4397733368164933064,4
aslbenevento,8239682959895445964,1
aspirapolvere,-1696825752695393458,2
asroma,-2985351578017936045,1
ass,-1571715586114203078,1
assassins,4569387324664906735,1
assemblaggio,-1161174520871519279,1
assembleacapitolina,-5626305252303270032,2
assolombarda,-2992231847893136310,1
atac,5134392960182119948,1
atalantamidtjylland,-3579345080349293014,1
ateez,6248344442803951364,1
atestaalta,5230306477335201883,1
attualitàbenevento,1396716960140937434,2
attualitànapoli,1973743122341096186,1
attualitàregione,545681276137062263,1
auction,4808628835942872226,1
audizione,-6698655792461315898,1
aui,-2606564661011040511,1
auriemma,2753379485020366473,1
auro,3156225665456633950,1
auroit,170191086040885326,1
autoblu,1005914129037771468,3
autostrade,2846608287604672845,1
autunno,6282443333689244126,1
avantitutta,5024792444194049182,1
avellino,-7799157638532868197,2
avvento,4605361627979780723,3
avvocati,-3860571876376726695,1
azzolina,-7210728563410196747,1
bahrein,-7745833694614324662,1
bambini,2270998324937022165,1
bandmaid,749851710340767176,1
barella,1350226549273494293,4
bari,4320479382022407554,1
basilica,-4173534984586580756,2
basilicata,-5957223821066084411,2
bastaomerta,5764264563251799507,1
bastapoco,6308525014466469166,1
baviera,4299166021670339434,1
baysideschool,-685833840686151426,1
bbeditore,-6299897806514440505,1
bbslombard,4606735570679342283,1
bbtvi,-8822853670702669334,1
bbtvi2020,407573943195654636,1
beegeesfilm,4422974281308910544,1
beigua,1381050642788667058,1
belluno,-6556705961885629529,1
benedettaeconomia,-4081999751446254661,1
benevento,5977720638809889727,4
bentornatoermal,-3564404021688719531,6
berardi,2220515363610616056,1
berat,-3809532973676627591,1
bergamo,-1073061654045527124,1
bergoglio,657290626927220853,3
berlusconi,-8209080334885401293,5
bibitari,-1422886947101876656,1
biden,-7718598815974145249,2
big,516546310510979167,1
bigdata,-1800999917771845957,1
biliardo,-3704386541145883841,1
binetti,-5574443171353169162,1
biontech,8876925146051535261,1
biopsia,9157572467324630796,1
biotecnologie,-8001797737043626478,1
birra,-4645850098282413970,2
bisceglie,-6991366490542205557,1
bisceglie24,-1006605189949385776,1
bitcoin,2439447154126732911,1
bitti,-5766035256355781414,6
blackfriday,-4135828719553078116,4
blackfridaypoint,-1342778573317493940,1
blackpink,4670473856198241237,1
blastchristian,-5642219235171890006,2
blindrun,1333856292619976873,1
blister,-9063660720728140576,1
blockchain,-3185531872158420392,1
blog,4649575799230018740,1
blogsicilia,-5736629460162054304,2
blogsicilianotizie,-7139372570209038500,8
bmginter,-5317338291432472313,1
bnt162b2,-3566013080876270761,1
boccabiliosa,-1187415613362980134,1
body,5722002042849005518,2
boldrini,-2182508751772265815,4
bollettino,-8287866247256092008,1
bologna,8121691312808602280,1
bonus,-411738475164190541,1
book,-7088042490305757857,1
books,-1780548479418737330,2
bookstagram,-8628554302974801026,1
borghi,-671711235329394107,1
borussia,-7270372179354357248,1
borussiainter,6814926489617033511,3
boscaglia,-8124933738145804602,1
boschi,-1161089041778690490,1
brandjournalism,5373827276281450599,3
brasile,88006752446452105,1
breakthecycle,-3188492743507507978,1
briannacarafa,-5162534241178884658,1
briciole,181185283093273514,1
bruxelles,-389953801574181795,2
bts,2402952766920069752,2
bts_be,-5249599333492329975,1
buenosaires,-3009667835117393636,1
buffon,-4121419809233510748,2
bull,-3526423200436836366,1
bundesliga,-5894132098059143439,1
buonadomenica,94237896815627513,1
buonanotte,-3532938839497458879,1
buonaserata,-5936818246008214578,1
buonenotizie,3635778272356816833,1
buoniniziosettimana,-3066552651616400792,1
burioni,1668535760413605319,1
business,7332957596488344482,1
bvb,-2473942530860239382,2
bvblazio,-2028143967162746778,1
cabrini,2908833583525739950,2
cacciatoredipaesaggi,4763487657953940211,1
caffemilani,6803734497354491766,1
calabria,-5699740296162284677,3
calcio,1329470385023808106,3
calendariodellavvento,8913769579279242304,4
calze,-6145529585392143950,1
cam4,771969325159149140,1
cam4live,5477282982950138300,1
cambiamoagricoltura,5626461595748626133,1
cameredicommercio,-6432500239255067399,1
camoranesi,5137311279656716836,2
camorra,-6940759784506233743,2
canabisprotectio,-3200714367476543350,1
cangibiol,7386603927461462437,1
cani,-2412245631324819592,2
cantastorie,-3901756308194403403,1
canyaman,-453352567177648786,50
canyamanproduawards2020,-3473111526570020901,1
caorle,-5305767930695197308,1
capitalismo,7011466401659198731,1
capodanno,-3963855348244023876,7
caprie,-2777995385686858921,1
carabinieri,-1231038886082782739,4
cardinalecrescenziosepe,-3506906007262379924,1
caritas,3400510038456596335,1
carne,-1450161083808465121,2
carratelli,8512036102472422690,1
cartaigienica,1095929864489304583,1
casa,-820068608016998255,1
casaleggio,-1956198435922145345,3
casalettori,-9092005240712144313,10
casellati,7584833808496247873,2
casestudy,-8639550727775056486,3
caso,-6576884845852077235,1
castellabate,-3104168371936690678,1
castellabatenotizie,-787516060062210464,1
casualnightgds,-275634393870111331,1
catanzaro,8574362446444081233,1
cavalloditroia,-6675907046394456868,1
cavazza,2807325968186621097,1
cazzari,-9102903350831951612,2
cazzo,-3791190699750929417,1
cei,862458801702157399,1
centocelle,-2416832572432158625,8
ceramica,-9071763054700920339,1
cervia,-5290405171665036438,1
cgilcisluil,-540110783912361130,2
champions,436313259091822204,1
championsbookleague,6535698782568339264,2
championsleague,6095467895982000867,6
chart,6313704790868839482,2
chevalier,525759179080375133,1
chezdansimo,1512858072899621082,1
chiaraferragni,-5205723296752377442,1
chiarafrancini,-6646368948278502786,1
chicagopd,3985417319404695961,1
chiccogiuliani,7263030253728330083,1
chiellini,8478460495796271687,2
chiesa,1599042503265088230,2
chisa,7356753220320096461,4
chiuseleestetiste,3774265573069404979,1
christmastree,6912442519417134420,1
christophernolan,4428638484788859436,2
cialtrone,2179852362563142743,1
cilento,-4178423998341835372,1
cilentonotizie,7732728811585204545,1
cina,3990998605495907190,2
cinecittàinunclick,-7463283651447966546,1
cinegiornale,8088245698960834308,1
cinema,3362460651577784866,5
cinese,-3701860492827079634,1
cinghiale,-6614630666389156659,1
cip,-477678247742458904,1
circozzi,-9088839313442042580,26
circulareconomy,-5854535017867206332,3
cisco,191602676933012281,1
cisl,353853342756919641,4
citazioni,3627226914246249767,1
civico111,-4351267988116421843,1
claudiosona,6228226378325234750,3
clochard,-3076400781165874932,1
clooney,7175735505396927950,1
clorochina,8411142140104930954,2
cloud,3912212824525453166,2
cn24tv,2730427092260803001,1
coachraho,-3690871925658661191,1
coda,2523563895105208268,1
coffeebreak,-85231894328859804,1
coglioni,-2078339560055710945,2
cogne,-7437071665608395460,1
collaborazionismo,8173932039971628001,1
collaborazionista,-1442275246640211823,2
collegio5,7422926147987702133,1
comano,-3110716849510456051,1
combattere,5746514789170815251,1
comeilcantodelmare,-4324118370999489531,1
comip,-8071335135689937815,1
commercialista,-1501555488072925028,1
competenze,-2488802792239199544,1
comunismo,-6673083758587165566,1
comunitàeducante,-2548412283338264029,1
concistoro2020,4536533038687853940,1
condividi,-6264254591094097589,1
confindustria,8923431742752455126,3
congedo,5452374655224249966,1
congiuntifuoricomune,-2520214973216057754,3
congiuntifuoriregione,-4020172002495757825,20
congiunto,652428142983524808,1
conibambini,-5713507824456591551,1
consento,8736394943829412422,1
conservazionedelleparticomunidelcondominiocatania,6191870131615471318,1
conservazionesostitutiva,903206491099999358,1
consiglidilettura,-3640813489023717080,1
console,8781388723799910719,1
contabilità,-8452314413902711312,1
contackt,-7844907935608863854,1
contatto,5562678872281558508,2
conte,-3990107436490520451,19
conteout,2191593272241657795,1
continenti,-3029523533341570747,1
contrabbando,-1574368485211116712,1
contratto,-7653085467250777583,1
contribuente,-8990755024229166286,1
coppia,-5284143016929365966,1
coprifuoco,-3500171591958253303,1
coronavirus,8758010436307990487,13
coronavirusitalia,5105764218853905129,1
corriere,265322711051073443,1
cosechehafatto,6830548268106998656,1
coseperte,1611538449877272931,1
costi,4249187030264361589,1
costituzioneitaliana,3928074447271623176,1
couple,-1523810098830102586,1
covid,-6347358879337697790,16
covid19,5805324728175690911,30
covid19italia,293069389039033143,3
covid_19,4998225666125588051,1
covidioti,740289102734086985,1
covidresidence,3529124683584855310,1
creatività,3090155125298528825,2
criminali,560151831655555743,1
crisanti,-5146431535145802895,2
crisiclimatica,7807825806680671819,1
cristianomalgioglio,-2933446823090771450,1
cronaca,4826855889346746306,2
cruciani,8427211671486883017,1
cruijff,-6151585504947355660,1
cts,2810403331982519414,1
cuanoninsider,7487712536047990826,1
cuba,-5968564876222204638,1
cucina,-134375246886937068,1
cuckold,5425836280558642974,1
cultura,3966128164585865660,1
culturale,1335383292854649823,1
cuoripensanti,-5625677732012924347,2
cupom,-6481335977270264034,1
cybercrime,2881821701749918510,1
cybermonday,4364216895862928201,1
cyberpunk2077,1961381563217017558,2
cybersecurity,4755776311967442986,3
d10s,8772333380875512917,2
dad,-8944725882129992669,2
daje,-8335198772206478230,1
danielpennac,-1696489130108252076,1
danimarca,2512779403850133610,3
danimarcaitalia,-7565165631492212854,2
dante,2072725986923194941,1
dany,5671593246567538758,1
datagovernance,8308966941260697101,1
datisensibili,-3574431325539516894,1
davidevavalà,4026739241551127376,1
dayane,-1251275858585549669,6
dayanemello,-6907253407498928410,1
dayanenonmollare,-5809478907403852679,1
daydreamer,2489923014175775367,1
decameron,-9120569236982840603,1
decapodcast,-5419152009742320976,1
december,2970663930813349425,1
decentralizzazione,3574634303218176413,1
decretoinsicurezza,8484668745965507387,1
decretoristoriquater,687726816707192459,1
deflazione,-5823867681278343051,1
dejavu,-3374212180764182662,2
delltechforum,5989099841585219859,1
demartino,7074026670162521199,2
demetozdemir,3013103210359025863,1
demetözdemir,4610274360081077910,2
demiral,-8873634933579272902,2
denisepipitone,-5043105578484795705,1
desconto,2957988020241020908,1
diabloii,-5471329807153552973,1
diaconale,8223787923585768565,9
dibattista,-1409470825244490388,1
dicembre,1046631274892792361,5
dicembredamare,-3212140092956763130,3
dick,1627195465470592336,1
didatticaadistanza,-8964377483277503242,1
diego,-324525046549826309,1
diegoarmandomaradona,-3467546259589824626,1
dieta,-4009487524416617877,1
dietamediterranea,-2630316155034485022,4
different,4555858741385500221,1
digilosofia,-3384572765720952693,1
digitaldownload,-2567068611041655950,1
digitali,-8238056559017656784,1
digitalizzazione,-5079721562930102911,2
digitallearning,4012785010299588258,1
digitaltransformation,-216749593835239765,4
dimaio,-7729824703813527331,3
dinamokiev,-5868372743227177120,2
dinosauri,1657544478585014488,1
dio,-8975144868043294607,4
dipende,2588558871304336550,1
dipendenti,-7449500651508799030,1
disabilità,6950343667413933555,1
discount,4858413395636951652,2
disgraziadiungovernicchio,-3939184668833384536,1
dissesto,8446600245148830033,2
distantimauniti,7502926981181024418,1
distanziamento,8534906661063947996,1
disturbipsichici,-4804109818943419454,1
dittaturasanitaria,4816403930393041742,1
diversamente,4114620781182288495,1
divorzio,-5668140609241993605,39
divulgo,3356054204900392277,4
dogdugunevkaderindir,5336641788322462947,1
dolci,654262230652674209,1
domani,-2153565423175516975,1
dominion,-2884408476955451172,1
donare,-954988547643526605,1
donarefabene,5060113947558313480,1
donne,-3305307109151722057,1
dpcm,-8991973480537761265,8
dpcmnatale,-2406883935403593389,1
dpi,8935754198341385989,1
dreamland,1162457066599064069,1
dreamtheatre,-2639617874106139228,2
drivethrough,-4081408967470461337,1
dropshipping,-8608790914833391008,1
druido,3614890729219367789,1
dsc2020,-425834129623010291,1
dtlab,4769913332463450914,1
duospeed,7625666645237279107,1
durex,7495651533025324662,1
dutchpassion,1170177102548087018,1
dybala,2673699865119061659,1
dynamix,-3684786082111624908,1
ebay,6292914485047600185,1
ebook,1421234497708003562,1
eco2,-5072126401026384234,1
ecobonus,9217172837285756021,1
ecodaipalazzi,2251728787374633925,1
ecommerce,-7843029487028480250,1
ecommercebusiness,8433923276492268011,1
economia,1973586856167820038,2
ecosistemadigitale,4903997571263768965,3
eddimarcucci,2935391511047980130,4
ederson,5936184164809337573,1
editoriale,-2123774245772077753,1
efficienzaenergetica,-4097147971149614451,1
egitto,-833664875829839607,1
eldenring,1929299720068177236,1
elearning,-8253674545741310829,1
eleicoes2020,-5700231781442509932,1
elenasorci,6936890813209835894,1
elezioniregionali,-8020664318744506732,1
eliogermano,6865071518821171459,1
elonmusk,511107353833687632,1
ema,-108379375288674476,3
email,522768274048174015,1
emergenzasanitaria,1692840940308471102,1
emilib,-9130951676847887730,1
emmastone,7907469199516645475,1
emozioni,-8796269790806821461,5
energica,6231144219906486148,1
engel,-7811969362220492156,1
enock,-3940215988057980025,1
enoturismo,2232199786911566402,1
epicfail,8242148740206015176,1
eriksen,7247867671350425247,1
erkencikuş,-1496530550786494647,2
ermalmeta,-6057709511152177202,6
erotico,5416198573640839203,1
erp,1302760980455834294,2
errori,-7365989860864432935,1
esibizionista,2558480648861580934,1
esperanto,-1610216135750538624,1
esports,-8759563813878486074,1
estate,7701934223140161541,1
esteri,-9207519146954178580,1
eterno,-1562011808176878484,1
ethiad,-1327790747964305471,1
etihad,8435791482733699492,1
etiopia,-715050842063677128,1
euro,-8711287515322807033,4
europa,5182397239297777949,2
eurosportbasket,-6944720763480323723,1
eurotrainingsrl,-5959663138493471323,1
evasionefiscale,-4315956331696308,2
exameron,3075088989725549637,1
f1,-2896825724618003396,2
fabriziomoro,-1856454099890426576,1
facciamoinformazione,8498436222092048966,2
facciamorete,-1659383442778645823,2
facebook,1609334670229143563,1
factchecking,-7164929804522712031,1
fake,-2871518668702260611,1
famiglie,-7050129424645830310,1
fanfiction,-464356580187772950,1
fantasy,978290837838307730,1
farmacisti,-6334117168519249219,1
farmerprotest,-5378211063798561454,1
farmersprotest,2200816038705549999,1
fatequalcosa,-437346862322256899,2
favazzatermitana,-3910823152846564327,1
favolealtelefono,-5321302095374598498,1
favre,4966232754465423899,1
fcim,741582401755883941,1
featured,1668809541670075026,1
feltri,-2907603592242446338,1
femminile,-4520468522698464331,1
femministerie,-5070033130286371037,1
fendom,3762054181611881121,1
ferentino,-890946542465813500,1
ferlaino,3369557674893421164,7
ferrara,6279215698922088588,1
feste,-137954878486013178,1
festivaldellavoro2020,8540645535987742783,1
festività,-7321008040414580697,1
fetish,-8048250392421696111,1
fi,4583790553182580097,2
fiaba,-6006564872519527916,1
fibisgare,-4381087008415591899,1
fibislazio,-6055518613549084804,1
fico,1610641895712758144,1
fidanzata,-1605352767896639639,1
fifa21,88813112078186197,1
figli,5324840479780321770,3
figlio,4851188217289363091,1
film,-7761256606481156251,3
fimcisl,1758050595840528736,2
finanza,4675087942781578788,1
finanzaagevolata,-3281228112105362268,1
fintech,-1922021671247895836,3
fiorentina,-1680653652484277352,1
firenze,1621637391201043885,1
fitness,5351166318245813937,1
flightaware,8337138461794207531,1
floraldesigner,-2429575513342542477,1
focus,1581356885336231637,1
follotrick,5023496206757590803,1
followtrick,-1429733369261923216,1
fondoperduto,-3708983273173317631,2
fondosocialeeuropeo,-4944897036670397684,2
fondotrovato,-7460770646041843590,1
food,-6248182916591715035,4
foodie,1183765740565258115,1
football,4093885196000084400,1
foracrivella,804021809649804261,1
formazione,-3952539049190805552,4
formazioneoar,6312051723703444921,1
forum,5694330507442680197,1
forzainter,7275315510993824958,2
forzanapolisempre,4033766975553625483,2
francescorutelli,5843322370370297966,3
francia,2449438225994535340,1
frasi,9017813834490227393,1
fratelliditalia,6935943393500502586,1
fratellitutti,-1838486344294305491,2
fraud,-2907289862054786286,1
frauknam,-7231366148281853120,1
fridaylivestream,6810452793829028529,1
fumettimanga,3202648458657948510,1
fumetto,-4512753175005849388,1
fundrasing,120911799123581431,1
fuoridalcoro,-3797669659140090118,1
fusion,5229660513181037269,1
fut,1197208400148003937,1
fut21,-8663464670951689819,1
future,-3965022963681831535,2
futuro,-4218558766517630108,3
fvg,6921408138257421575,1
g20,8965604634720275343,2
gameboy,-1347409477428197869,1
gameplay,6547655797964367677,1
gamers,8864179017101041912,1
gaming,3169645612545427219,1
garibaldi,6388986857380457059,1
gasperini,6378800837943576501,1
gastrite,-1891803286359372321,1
gatti,9153868610322257315,2
gattini,2212165507367574765,1
gattuso,-8705828092254081409,1
gdf,-3820554933891519922,1
gdr,2601718069964628813,1
gefit,5724215951504609566,1
gel,-5434374578439911040,1
gelosia,7012275762810972464,1
genitore,1022737602401158766,1
genitori,6910905960483555253,3
gennarovolpe,-1952801873188151366,1
genovese,-8784117426250280984,4
gfivip,-3648161390814155162,1
gfivp,-2005035523437340131,7
gfvip,1274904134111141629,542
gfvip2020,-4859492410816852993,1
gfvip5,-6500402912883084185,3
ggi,-3082973811740885351,3
ggivicenza,-2840700268825345423,3
ghassannjjar,-5071280819128527125,1
ghelp,-2264848848903667780,1
gianicolo,-7357529778971995255,1
giffoni50,-5841000436124280576,1
gigi,1042190249201715684,1
gigihadid,-630082686706212752,1
gigiproietti,-2124111263533904708,1
gigishow,1669270909314181905,1
giletti,853269802473524411,3
giochistarter,3674616780955750698,1
giocodatavolo,-2873511760769618108,1
gioielli,7491548359251163186,1
giorgiodiritti,3015757438757859698,1
giornale,4696857311140947654,1
giornaleannunci,6569219575827222188,1
giornalismo,-8817468914878632378,2
giornatamondialecontroaids,-4127097356602834649,1
giornatamondialecontrolaids,2548109593900523887,6
giornatamondialedeldono,-3444591574414445040,1
giovane,4157163490708885473,1
giovanicaregiver,-1410556712297685035,2
giuda,-5075406004969266099,1
giudice,-6750459003298131282,1
giuliasalemi,5847582028078401383,1
giulioregeni,-8412496635570924990,1
giuseppi,2641254165294951709,1
givingtuesday,7244372877704425439,3
gladbach,822488639317319805,2
godzilla,-8424160114114718795,1
goodvibes,-8760460468014264017,1
gori,2045761098329677506,1
got7_breathoflove_lastpiece,4548648745973126709,1
gothic,6470267186866355088,1
gotlp,520413393857166257,1
governati,-2312131949662848498,1
governo,6107814259715530859,13
governodellavergogna,1492957573149346410,2
governodicialtroni,144478951675018807,2
governodincapaci,-1343536479276026343,1
gozi,-6483874546804635978,1
grado,-4880308353695125473,1
grammys,2062197714691848633,1
grandeamore,8901974575551617175,1
grandefratellovip2020,9038391388099078856,1
graziani,6319534860347168909,1
grazieermal,-6318429082631177285,1
gregorelli,-5113602650357908655,33
grottaglie,6434757521861618422,1
gruppohera,-4596791620427242635,1
gsvip,7717438094283997263,2
gualtieri,-8307377627550091071,2
gualtieridiffidato,-5615264345362276680,3
guasto,-7805048832594293342,1
gubitosi,6856641065492211668,1
guerra,-2307681073886845405,2
gym,902815013166218577,1
gym2go,836080526491897050,1
h2020,356409750017104246,1
h2020ee,5331402767528234063,1
habraconsecuencias,-2730682201337587699,3
haftar,-694218198893003720,1
hakimi,4802683863166052190,1
hamilton,2558294428443418970,4
happybirthday,-7565235003900434605,1
happynewmontherica,1235454174152600098,1
hard,1318952308003702133,1
haydaypop,1693920802133124094,1
hbdaybadr,957908275555283486,1
hillbillyelegy,2650029581048948182,1
hitorijimemyhero,1000812729227569390,1
hiv,-4824120407002904060,13
homevideo,2552720291080625456,1
hookcustom,8586299374010811269,1
hookeffect,8155360643853759347,1
hooks,-2854965041556091880,1
hooksstate,8487073170316508200,1
hot,-6235011166626759781,1
hotelvallechiara,1145470153477342183,1
hotwife,-8519027093616873824,1
hro2020,-4921522314074174398,1
huawei,3238647712751713542,1
huracancosta,-4467813923672968171,1
iacovella,-8291477901592224533,1
iceland,-6256986981649395929,1
idea,-2084010431188280044,1
identità,-8032231214545211526,1
idrogeno,-5918890905713560128,1
idrossiclorochina,-5104283328803799993,1
iene,-4901446523827216996,1
ikawangliwanagatligaya,-1378004637999583616,1
ilcielostellatofalefusa,-8161050934105247578,1
ilcollegio,1004603545391646236,1
ilfilorosso,-3619208883905307551,1
illuminato,-3274889939250458803,1
illuminazione,7447743457078999228,1
ilmanifesto,1421462447191508039,1
ilpuntodebole,-2597051439422950120,2
ilregalochevuoirds,8075780825225479652,1
ilsignoredeglianelli,2695217540616915007,1
ilva,6130196422340024461,1
ilventostacambiando,9067430094715571674,1
ilvolo,-2436834910292477015,1
immacolata,1978844750729602547,1
immigrazione,-7848184852744183021,1
immortalsfenyxrising,6635141455876898805,1
implantiti,-5272801118761155598,1
imprenditori,7489137700938658921,1
imprenditoria,7537890478134412934,1
impresa,-4548593940728424530,1
imprese,-6601178731890952182,1
imwinery,4421668854075593532,1
incendio,1120471677994338652,1
inchiesta,-9027270239785004214,1
incidente,-530733452205664539,2
industria40,5066874069428891920,1
inflazione,5464483096229213354,1
infografica,-5398931401630252419,1
informatica,-932005382187438850,2
informazione,-97084774129965161,1
infortunio,6805768259013482282,1
innovazione,8539554682869602431,6
inpas,-2080922287486852570,1
inps,-1316592827894699472,2
inpscomunica,9021578681985928184,1
inpsmobile,2629259947962789819,1
insigne,-4910955337270331092,1
insurtech,-6062209155982211650,1
intelligenzaartificiale,-6253661127509051723,1
inter,8880108894451215152,5
intermediarifinanziari,-8771074032625182761,1
interstellar,2524275613689249770,1
intervista,5969272470022325168,1
invalidità,1424351414702476429,1
investono,4989727084843452739,1
iostocongiulia,-3308854517994803850,2
iostocongiuliasalemi,8700867919390942542,1
iostoconlacisl,-6862323591723751109,1
ipad,-4765151249077406837,1
iphone,-1087572093674167474,1
irama,-4982875364749464260,2
iran,-2264006320057201884,1
iromìa,-90742138334099223,1
ironic,1425749416670586550,1
ironica,357135997432097514,1
ispirazione,1360402361626479307,2
ispra,6527739819413776326,1
italia,6598056712463268998,8
italian,-1200214123562103744,1
italiane,6756331793082528474,1
italianengene,-3745556496355461564,1
italiani,-6605713856194192029,2
italianlanguage,9091326825288586723,3
italiano,-5801414492525289608,2
italy,-11265935289294090,1
iwork4dell,-6431967549369486080,1
i̇brahimcelikkol,-5265543510153305765,1
jensenackles,6274640195397585082,1
jimmy,-758565063307555216,2
jobs,2302286176393429925,1
juve,-3891630451779922713,1
juvedinamokiev,-87045342083225125,1
juvedynamo,-1388065449023376668,2
juventus,8531427565738208977,4
juveucl,7012518936877107651,1
kilimangiaro,1091361875012573800,1
killer,-6635132178845132191,1
km,3768057363666640491,1
koshobe,8933554159697156249,2
kouame,5523455555759343593,1
labarriera,-3879300934590788881,1
ladytacosdecanasta,8135784658629010714,1
lagodialbano,2623119343791625137,1
lagodiviverone,8096465619001233496,1
laletturacreaindipendenza,-8199286166705170767,8
lamatematicadelcuore,-5922118888894119373,1
lanforadiclio,-7475955383729620958,1
lanotizia,-3730911203429279290,2
laporta,-1483837853474330249,1
lariachetira,9024251570466290977,2
lariachetirala7,7238056567749981909,2
larossamonella,-5055804864544709441,1
lasuaragazza,8158462092576248507,1
latetechshow,5998391178228059297,1
latina,-2925269676817772264,1
latitude,8248524886338347623,1
laudatosigarden,5937547425939679160,1
laudatosiyear,-436261584339593188,1
laveritàdioggi,-816425459458534036,1
lavevaz,-7879994780602819252,1
lavoltabuona,3523991935861319596,1
lavoratori,1379208037386539561,1
lavoretti,-6083452835312075281,1
lavori,1292884454373736605,4
lavoriincorso,469939513125747248,1
lavoro,-3971573603038537191,1
lavorodaremoto,8161714205486898009,1
lazio,8337297277110446236,8
learnitalian,-8168147268266185527,1
lega,-2712611090033345819,3
legacamera,-7603712507559630239,2
legasenato,6245221262205867129,2
leggedibilancio,3473296139943229454,1
leggenda,5282960366129991605,1
leggendocarver,-664964520897526543,1
leggileleggi,-728596747413167361,1
legno,6434131838864396064,1
lego,2249720602500144346,1
legoadventcalendar,6171760237991949659,1
legostarwars,-5613594084789623018,1
lepochecosechecontano,7267231919453234553,1
lepochecosechecontanolibro,-5356652349559023282,1
leragazzesalverannoilmondo,8877459901800728099,1
letteratura,6924252496081453801,1
lettureconsigliate,-2320472994618609651,1
lgbtiq,7258594111219761722,1
libero,-4893191639514719324,5
libia,3643910233304453877,2
libri,7474555099895707241,5
libridaregalare,3407957515391259474,1
libro,-2718013870867287522,1
licianuneznotforall,-3420044611104243067,1
lifegoesonno1bb100,1707936225633971877,1
lignano,-8054703135057054802,1
livenoneladurso,-2453020337467753316,1
lobby,-5565915691950759368,3
locatelli,6248883977360909294,1
lockdown,-3545895561594192883,11
lockdown2,998510191472468426,2
lockdownitalia,7714015496168499782,1
lombardia,2475893105596609590,3
lostonarrival,7877475160372276364,1
lotito,4765833373085065547,2
lotteriadegliscontrini,7464631448607464537,23
loveisnottourism,-5362331783102189495,1
lpone,2220066769811097414,1
luceverde,4583204485716377960,3
luckygirl,-1014465033775685017,1
lultimasposadipalmira,2468958267345051284,1
lutto,-9141709462371054887,1
m5s,3814547759701476982,4
macifateocisiete,4201756140837369412,1
mafia,-5719642568759755999,1
magic,682493402710422510,1
magica,7531398186016899337,1
magicfinance,7638824498289756084,1
magicinthemoonlight,-414922002232918456,1
magicthegathering,-2667527604386946820,1
makeup,7009016524873181211,1
maldive,-4306004900261891209,1
malgioglio,-7981480467934994076,1
maltrattamentodianimali,6376723329279239932,1
mamamoo,5743599070295808277,1
mamavote,7889697460935341578,2
mamma,-7120398217530572906,1
manchi,-2835538498487685477,1
mancini,8811065215674878539,1
mangiare,4797776329968892534,1
manhattan,-1054016757766252181,1
manufacturing,-3192030086148580716,1
manutenzione,-8903544415653987534,1
maracanà,-7147967321124493910,1
maradona,2670127624090965197,7
maradona10,3435057392400558641,1
maradonaeterno,8953201911501279895,3
marcomengonidailysong,-4625024315583575705,8
marghetira,-3947523369119608884,1
mariolavagetto,2699155340171022116,1
marketing,3819191409150949874,1
marotta,1316301807990260763,1
marshall,2418105729529590281,1
martedipiovoso,2976790281369751278,1
marteditette,5833255389278469361,1
martedì,-3351902463782762573,1
martedìtette,-6008192996332112686,3
mascherina,6946503693371601707,1
mascherine,5036494350426316701,1
massimiliano,3701654484633013004,1
massimo,1514826795274696781,1
master,-2978777981441031803,2
matagalanplantae,-5356148946385869333,1
matrimoniopertutti,1623553924194001198,1
mattacchioni,-4444351912069745125,1
mattarella,-371765124213616871,2
mattinata,-5447287261322497701,1
maturita,8447319590258336365,1
mazaradelvallo,6550333700202285797,1
mbareastudi,4880801320844606517,1
mdb,8255128841343231947,1
mea,-8123791564170080676,1
medalofhonor,4891911770843587490,1
mediaset,-3041103511644626389,1
mediasetitalia2,6335915430189839528,1
medici,-3249093088690143213,1
medicinamolecolare,6053935693847436428,1
medievale,-3877115166874970459,1
mediobanca,-1147484588918955233,1
mef,1164106668994071467,1
mehdi,-2442979563803723620,1
mele,-7319351662608427902,1
melog,3911850237235907965,1
meloni,-7463328650283759139,1
mensamontevarchi,-8761142696012483126,1
mentana,4433182931314669022,1
mentina,3152757719955539248,1
mes,2746169209388753911,29
mesedellascienzaoff,9088723935835369883,1
messa,-3458028095320885259,2
messadimezzanotte,-8611691818688259732,2
messadinatale,339137464424786045,1
meteo,-3285220391060883915,1
meteopiemonte,5994962463732448317,2
mibac,3372300260492381476,1
midnight,8184290800725338676,1
midnightsky,4178433265830147143,2
midweek,3753068311081235133,2
miele,2345351362072114120,1
migrazione,2666909427422248458,1
migrazioni,-8720804272281641688,2
miguelangelsoler,-2740561131588444441,1
milan,3555661527289492634,8
milanfiorentina,-2517036006936783392,1
milano,5770142184442321196,4
milanocittastato,-6242961451876151960,1
milf,9181672736885156372,1
minibot,4878539433510004174,1
ministro,4679029673060570859,2
misalvichipuo,3792154232614278237,1
missing,7405006727995534225,1
mistress,726439224894241031,1
miur,4758524811463361097,1
modello,-7210276315670731326,2
moderna,2431278867686107410,2
moglie,4700152302580490027,1
mohsenfakhrizadeh,-4431824346617653803,1
mollette,4291620673205849781,1
mondaymotivaton,669383844369695329,1
mondiale,-5154479088437349187,2
mondo,-2014687045567412794,1
mondorossoblù,3160771067723397862,1
moneysalve,7156264479913076432,1
montgomery,-6365587960262980213,1
morra,-5861691621284509247,1
mortalità,-5891067898781757874,1
mortidifame,7013390852958666246,1
motori,3330943157283665750,1
movimento5stelle,1642641098384992442,2
mrb,-3542764033544273551,1
mrwrong,-3562116848989827739,47
mrwrongproduawards2020,7887244423215466161,1
mtg,6571082007939350667,1
mtgcash,7937632969715575878,1
mtgfinance,-2839360279145385017,1
mtgitalia,-2592878366471321954,1
mughini,-653959239225956607,1
musicmemories,-47108706251759161,3
mussulmanaesaltata,-6481814778502526805,1
mustier,6892296746846619565,4
my2kweek,-68940736035117190,1
mypussy,-1213028566309662949,1
nagornokarabakh,-7723366651342486940,1
napoli,-3419893306127533967,3
nas,717262477093671146,2
natale,18434130727806619,25
natale2020,-8197691800790388040,3
nataleafirenze,4769056076557329991,1
natalizio,-206383174198504584,1
natioggi,-2643832322900227436,1
nato,3725572041038882798,3
nauticatarello,7355581799227003614,1
navalnyj,-1576793876266631285,1
ndani,5981142957331475268,1
ne,-3742721972482114489,1
nellunione,-6940291907765085236,1
neotenia,-729403386458404080,1
newprofilepic,-1609997871340880388,4
news,922231461339870867,10
next,7011165639599844811,1
nientecome,3841542102724274725,17
nigeria,-2573130791891462130,2
nintendo,-6150870814383383122,1
nmekojoa,-4118023021740389204,1
noaids,-273207874524330530,1
noccioladay2020,-5080065017511309085,1
noir,-1166965830469205306,1
nolanfilmfestival,1564006869792505968,1
nomadidigitali,-5387736179108680854,1
nomes,4555631681576321834,3
nomesnotroika,-4934936097569323922,1
nonconsento,-410392289186969304,1
nonleggerlo,-3724357122152015904,3
nonstobene,-8975192663103227157,1
norcia,1550568501648500751,2
nordest,6838665589174318836,1
nostalgia,5907083135625851378,1
not,659787701305811615,1
notav,-5703124400332570100,1
nothingoftrue,9202996739022450862,1
notizie,7028390265469264697,4
novara,5605585649090154251,1
nowplaying,3353864894025996069,1
nttdatablog,-3945439434962513465,2
nuovafotoprofilo,-989717529280849047,4
nutrie,-2846319202020189090,1
nylon,-2516765901249725851,1
nylongirl,-3357042297570423100,1
nytimes,7811151086393637279,2
oban,-6837702466434689218,1
oferta,2846334982911874828,1
offerta,3453563131593817839,2
offerte,1119715146830208656,3
ofin20,917798542419311068,1
ohmflukefanmeetingmemories,-2926769761952853412,1
oipomodoro,8891948102737546499,1
oleoturismo,3938033760924969567,1
olio,-5556570260596524748,1
oms,-3844157413633902855,3
oneactivists,2155000906774967083,1
onefm,-8477222831378775573,1
onestà5stelle,-78586282986673440,1
online,6682258218771076039,2
onlyfans,6947015976111244440,1
ontheair,5612496472079626802,1
onthisday,1069686604163249579,1
opencrpiemonte,6333021701771449282,2
oppini,7782236732769218971,1
opposizioneinesistente,428469881358235056,2
orario,-4523072137031003573,1
orasolaretv2000,6104049986376338206,1
orecchini,-8373324147163623964,1
orientamento,5583952086907407058,1
orsolini,-8574600043675212738,2
osservatoriosociale,7697218662716668567,1
osservatoriostatodigitale,-3894267548118685965,1
ossigenoillegale,-5876029112109142215,1
ostetricia,1606377940337020626,1
otlug,-5850174428035374602,1
ottoemezzo,-3339784696212593608,1
ozgegürel,-7867764399692934295,1
ozzyosbourne,-7400387614757006738,1
padova,-1525276649875833031,1
padredalloglio,-5020856127418361616,1
padrona,-8139984650412375380,1
pancetta,2318966201513501064,1
panciaaterra,7604554254730730566,1
pandemia,29073662271884960,13
paneelibri,554280745495670220,1
panettone,8330380870880956095,1
panettoni,3691271657162569844,1
paololatino,-5439355450880286655,1
papa,1498235369009224395,2
papafrancesco,-5376639117784233858,1
paperplanes,347241826799941744,5
paraschoswinery,3726880632795623430,1
parks,-1954353463863739113,2
parlacomemangi,-7684806087488336294,2
partnernonconviventi,-679247606884548363,15
passaparola,-4340609167774623628,1
passioneinter,8749846315028962215,1
pasticceriafilippi,298188794564755980,1
patate,1803750395066978694,1
patriarca,5947955554672572390,1
patrimoniale,-1573421147011589452,15
patrimonialeperchésì,-7241163119837315749,1
patriziarametta,-2305466307498163841,1
pavia,-5045828124128645301,1
pd,-1725610339780783689,1
peacock,-7722598707301751722,1
pearljam,-6838391718541011180,1
pensieriinuntweet,-4165657615555249527,12
pensierileggeri,-132288758949104038,1
pensiero,3657201446514239195,1
pensierosicuro_it,895289841879945516,1
pensioni,8910299407495543765,3
pepsico,-7613258112377415650,1
peri,-7036918329181689381,1
periferie,2712850981343682535,1
pernondimenticare,-7614949684484203705,1
perugia,2821342181164060111,1
perù,4775151572686108877,1
pessotto,-3529603852627898121,1
pesticidi,6205338137413920415,1
pfizer,-4304206624129602013,3
phedre,-8513876919452225520,1
philipmorris,-4541999397329988408,2
phishing,-7035489715160748544,1
photography,4316106585686086805,1
piaggio,-2824224224323914766,1
pianofreddo,-1561995122559192143,2
piatek,-3146893510590258320,1
piedi,-1668425940536988896,1
pierbau,-1653963710177985452,1
pierpaolopretelli,-7521319983710639891,2
pietre,3038258137676715012,1
pil,3291514787187713509,1
pilloleditalia,-1728734331186704464,2
pirlo,-7333736885654452028,2
piselli,-6210722222634871784,1
pistoia,1794758809409779837,1
plastica,-6814656405493301261,1
playoff,-6792536285573201903,1
playstation5,216254359343964286,1
pmi,2806727405275130858,1
pochette,8266322704782436464,1
poesia,-8211893017405719559,2
poesiacanad,-8582299039956445984,1
poesiacanadese,4698996576851411421,1
poesiaperlasera,1497783389167925296,1
pokemon,4297671423271450505,1
poleposition,7273300634758570213,1
polepositioncz,-5250025079321805228,1
politano,6655234757815175335,1
politica,-4590254465521388754,1
popcorn,-5155593839394697011,1
popolo,-2528683949426800051,3
popolobue,8711534318659449100,1
pornhub,-442754459025144208,2
porro,-6917371991549637337,2
portogallo,-7030855609121309961,1
positiva,-7802412326309796072,1
positivity,-1604848004828727731,1
possiamoaiutarvi,-6207586961174549539,1
postcovid,-1007547942755511860,1
pourleblackfridayjeveux,1154511265672769066,1
poveraitalia,8055931129971208303,1
povertà,-1196619499910343565,2
prelemi,6663050207908950012,4
prematura,4690114832731082925,1
premiogaetanomarzotto,1735789263107569974,1
premium,2598368488845630320,1
preservativo,-3118999289287315504,2
prevenzione,1155447562395859533,1
primacomunione,2307680793180010015,1
primopianobenevento,8944353462207551189,2
privacy,-1150635341423727574,1
processopenale,-546159203102566099,1
prodottianimali,-1025627834913051433,1
produawards2020,5118589064632539664,29
produawards2020özgegürel,-2537614490407298351,2
prof,-7933651200823834972,1
professionisti,4686035003975948989,1
progetti,-4082085573901931631,1
progetto,-8500345777200075773,1
progettospera,-968820312252956789,2
programmazione,5321428175316478305,1
project,-1371138058761050968,2
promoção,2537617946818368996,1
propaganda,911957746778403529,1
propagandalive,9096729075664564999,1
protezionecivile,-5100568323432967917,1
ps4live,8704845832455250699,1
ps4share,-3728828703763327696,2
ps5,6164261335833001910,1
ps5launch,-5277334455277423579,1
ps5restock,9166460056200675450,1
ps5uk,-2733555982410658895,1
psdb,-144766889478007945,1
psicologia,-8875247552893070901,1
pubbliche,5472378934139421445,1
pubblicoimpiego,6496057422110076833,2
puncake,127007527842936919,1
puredoctrinesofchrist,6244898803086486455,1
pvr,-1389576083355189731,1
pvruready,1120894542941181271,1
qsvs,-1562602475139710491,1
quantesorie,2356502423974479462,1
quantestorie,855442383405090434,3
quasarvillage,-1231401982406219931,1
quater,1838237976605260423,1
quaterandmore,-9030778455708043099,1
quindicinale,8958243188961971130,1
rabona,-2515624680710341828,1
raccoltafondi,-4447367104297144944,1
racconto,7141692850662414214,1
radio,-50882696715206669,1
radio105,-7193633961130049856,1
radio1podcast,-55290813234778165,1
radiocrt,2954638311438505147,1
raggi,-7886260882623593477,1
raggiacasa,6308494378238814721,1
raggiunti,6259468025558972935,1
rai,-9126455819143441881,1
rai2,-8978043901913482351,1
rai3,989303399844005929,4
raiperilsociale,4885822811228431336,1
raistoria,6502574408952394362,1
ranieriguerra,2508933851080069831,3
rapporto2020,-5789564404056148077,1
rassegna,2410465978935000401,1
react,-3893952220450994537,1
reacthook,7639990281966412613,1
realmadrid,-6789424157231902172,1
reasonstohateme,-2407342460383142223,1
recensioni,-7634840527608570981,2
recensioniserietv,5663463895229929219,1
recoveryfund,-7863254300425740334,4
recoveryplan,1981423949366987413,11
red,-4174678400540235229,1
redlips,-6444751254155052512,1
referendum,7010741855588615264,1
regalo,-1281938947987062584,2
regeni,-4733733967404945802,1
regione,-2847274142107185099,2
regionelombardia,7579647040725061413,1
regioni,586984697135036618,5
relaxingmoments,-5003847708726935200,1
relazioni,-402602660356022970,1
renzi,8058792104972956389,11
report,-4378429075430521834,11
reportrai3,290583930775995859,3
resilienceimpact,-4950458416195116712,1
restettealsicuro,-5720612358358197646,1
retrogames,-4641717130927507569,1
retrogamesearch,-8919081295592220470,1
retrogaming,-8501335623906692698,1
revenant,3208299949423899198,1
revengeporn,1950290215820053854,1
rfsrecensioni,3822580206098076721,1
ricerca,-8270938736774855900,2
riciclaggio,4861156045164623833,1
riciclo,-8149717910228160824,1
rifiuti,-1303086488523048898,1
riforma,2394274580473507462,1
riformadelmes,-7360474890795842873,4
rigoni,-2704568001236845650,1
rimbalzo,3533268498159997881,1
rimborsicovid19,-9032982117765595670,1
ripartelitalia,-8351323211064517134,1
riqualifica,-3135617495372613214,1
ristori,4536567653049803683,1
risuonaitalia,-3022440122414818447,1
robertharris,-6965514018716102152,1
rodrigo,8803999548490860241,1
rollone,-4385914879422121971,1
roma,-5054796874073396174,7
romabologna,580777912300987916,1
romagna,-7745904811353942094,1
romania,5372313956021233502,4
romanzo,-2762290280197941329,3
rosaparks,-4992194922051881995,6
rosaparksday,-2027674176376891677,1
rosarno,7789329751213167783,1
roses,-6497398614752775373,1
rosmello,-8027738478940973759,31
rovigo,5586436238289927544,1
rsa,-5342799826807861701,1
ruanda,1885004133800471546,1
ruby,1312281257027892616,2
russell,2179004056990971901,1
russia,-1101955690134516537,1
safety,1456184187909239990,1
salalettura,4191486227089724521,1
salerno,-4792968587058908247,1
salute,-806390859011684694,3
salutementale,837767831540375933,1
salvatoresgirlssquad,-7105779877792484774,1
salvini,2981393473287125070,8
sanaaseif,-4219672353398755549,1
sanbenedetto,237942226387439888,1
sanremo2021,148131085875004509,1
sapevatelo,-5395617126360598871,1
sarannoavvocati,801306160202284213,1
sardegna,489471438347184135,4
sarkaruvaaripaata,-1962852692561379054,1
savethedate,4237220809721466403,6
sb19,6409578822034144533,1
sb19billboardsocialtop8,-3128828001865907957,1
scaleup,-2866265566400415972,1
scanzi,3320848548852784842,2
scecco,-1615905521153944667,1
schedina,-1624727429500291033,1
schiavo,8151251564554383262,1
sciare,-7157791347822962996,1
scienza,-8077121027671579586,1
sciopero,-5589486821467491476,1
scomparsa,-4736379544971452096,1
scrittore,-8375997194064650016,1
scrittoriemergenti,-159197394421485966,1
scrittrice,1755196020528916382,1
scrittura,8810579954774156553,2
scrivere,-7868549076714566639,1
scrivoquelchesento,9150524560351703139,1
scuola,-6615452551589949427,7
scuole,-4927985001215537599,1
security,5788027649983417220,1
selenagomez,8636583045583305804,1
seminario,8603735268205214487,1
sencalkapimi,-8236907150288694958,1
senese,30851324830463035,1
sençalkapımı,-2581132802402103249,2
sequestrata,-7260090427126410552,1
sequestrate,-3315541444385520681,1
sergiobambarén,-7010909931527753698,2
seriea,5762036042243288994,4
serieb,2327804332380759283,3
serietv,-4129629950953082838,5
sesamo,6003687438959121805,1
sesso,412681225396126475,1
set75279,-700491020329838053,1
sex,-4760602059048528300,2
sexpeditionstunner,-3190933577257307417,1
sexy,6004807818147521508,1
sf9,9080006817066354762,1
sferaingegneria,-8606365302624645355,1
sfiducia,-555924992595329390,1
shadowhunters,-7437153897698841219,1
shaimasami,-570099251577024290,1
shakhtar,-715484486494188277,1
share4carers,-2409233557719622735,1
shopping,2368017543376859128,1
show,-4523282146577601339,1
siamotuttimaradona,-2229890227063445593,1
sicilia,-6908670909562576663,1
sicurezza,-7351830627138701154,8
siena,8909691074640574350,1
sigarette,-8539522180189905024,1
sigfridoranucci,-3871309413163368020,3
sileri,-4452281619212883900,1
sindacato,-2257309088619329612,2
sindacovincenzofornirossi,-4216663374878640108,1
sinistra,219528946587038126,1
siria,-7651757717573435537,1
sisma,2710631904213826437,2
skycotl,-9091907084586119365,1
slave,-3579639258089805730,1
smalling,3737703189322205816,1
smile,1366333581993276379,1
snpa,9141640114216258779,2
social,-473416764260854087,1
socialisti,-8844225651184250565,1
socialslam,-5323037223998565953,1
software,6862835843540792416,1
solocosebelle,-6963959629116602679,1
sony,7868692874449695017,1
sos,6395225422298632675,2
sottiledifferenza,2846667386991279287,2
spacebeyond,-6959422908154711893,3
speakupmagazine,3192919263335725899,1
spedizioni,-8828855915830310166,1
speranza,7560756292490918336,3
speranzadimettiti,-1599308240446029573,2
spesa,-7014372300755397186,3
spininelfianco,608237281552377683,1
sport,7826089938010519129,1
sportmediaset,-6172712557940119265,1
spritzforfuture,-5191845143322398728,1
stadi,-4794811937313211909,1
stadiodiegoarmandomaradona,8982782451063038084,1
stampaggio,2437873914013618857,2
stampaggioainiezione,4815317273781945198,2
startup,6228480488236942816,2
stasera,-8354587763482065524,1
staseracasamika,8393536498226869569,1
staseraitalia,8056263925736550946,1
statisti,-5518397232648833747,1
stato,4885689603759715770,1
statueofliberty,-538973850662774177,1
staytuned,3194965975313692166,1
stecca,3320747054959820824,1
stella,-683483223179058355,2
stolen,4823695634429790229,1
stopaids,-2248845776440868295,1
stopmes,-2266240808795063695,7
stopthestigma,-6293944246264529820,1
storie,-1876165122778847712,1
storytelling,6959279641323547290,1
stradenuove,7727419831367679640,1
strategico,-5435497745172926,1
stress,-1233841541744325839,1
stroessner,-1326776558292860620,1
strong,-8944174827986386525,1
studioaperto,-8535921038016798951,1
studiocommerciale,-5938919253072759937,1
stupefacenti,-3325989150421557355,1
stupro,3916360069187433455,2
suicidio,-8447079385350957799,1
sulla,-8985649738539929814,1
superbonus110,2136458447197831739,1
supernatural,-9023137171915184612,1
surprise,537239660041128007,1
svizzera,1218291899288115606,1
tabacco,2233163208969244323,4
tacevi,8550063467288462571,1
taehyung,9003390943583931873,1
tajani,-2902515990102272506,1
taleggio,-4397062665042106703,1
talento,3117904656417210610,1
tamponi,-7158907163473174482,1
tare,-8454013852049877124,2
taskforce,-5744325002800352614,1
tassa,-3736268714009910061,4
tauromachia,-6847935504547502136,1
tb,-4169629471388740338,1
teamaivan,2495411804425669961,1
teamoftheyear,-6026752121899375113,6
technology,-7035997772266810224,1
tecneco,-9147479766302621723,1
tecnecofilters,-6530974519634162798,1
tecnecofiltration,-4166056041637172117,1
tecnologia,7609309701397329976,1
tecnologie,6781843871872735816,1
tedtalk,6103027873952142951,1
tedxpadova,3338137819281834550,1
telegram,2618614214673109610,1
tempi,1627722268708590710,1
terapieintensive,-3489360173583837814,1
terremoto,4021492686524609445,3
territorio,-7584293463859524022,2
tesla,-3197542958938011214,1
tette,2527168757671337672,1
tettedelmartedì,3551814872570309761,1
tettone,4516436066770016260,1
tff38,8675300876551289120,1
tg2rai,-3915485332803633690,1
thatskygame,-8660310990970717678,1
theboys,-7235706033380657308,1
thecrown,2068051933844212259,1
thegameawards2020,-8653405329766911504,1
theindependentfiltersfactory,-3208031913719447933,1
thesnakeswedding,-6223387798725141938,1
tigrè,-4605352328758216014,1
tiktok,6925070377610478036,1
tivogliobeneermal,-52054457643155722,1
tokyonoise,2307357586122373038,1
tommasoimmune,-2771154426399408934,1
tommasozorzi,6740942024547967231,1
topps,3586814739684522662,1
torreannunziata,6053972126565735848,1
torta,-2604915907999055282,1
totocalcio,-6955001029165473433,1
totw,-1726276558826264430,1
toyota,5792308960988522365,1
tracce,9123393925619064201,1
tradimento,-3693984832204359675,1
traffico,2439944102054178078,1
trasferimenti,-1728298857583521163,1
trasparenya,7266599006456081800,1
trilussa,-3035057563695129436,1
troika,6809517265105308829,2
truenumbers,144019353941435457,1
truffa,6803900342032117499,1
trump,482737821371248023,3
tso,-5652437549181595943,1
tudors,-6608285052798446951,2
tuesdaymotivations,-575526409852596818,2
tuesdayvibe,-7335514429100442438,1
turismopertutti,7854815859893324737,1
tuscia,1997472710272854065,1
tutticonbitti,217306482088239013,1
tuttocampo,5234818774804302146,1
tuttofinito,-3901170427053007574,1
twinmirror,4650708754998168065,1
ubriacone,8638497418547283018,1
ucl,6230487509782998713,4
ue,4481093905816522110,5
uefa,-6509684074959738319,1
uk,7051126796115978796,1
ultimenotizie,-1329085564827199336,1
umbria,-1580301855935917142,2
unachristmasnight,1564632194269617002,2
unapoltronaperdue,3727360143880808078,1
unappanoicisiamo,-9120117214870926733,1
unaterronaatorino,-8199245622045819668,1
unconsiglioinunclick,2382813991576891311,1
under23,126921319116146239,3
unesco,914957894274558097,2
unfit,1439773677162264999,1
unicredit,152119809680357397,4
unimc,6924434382540704794,1
uninettuno,7382942655299863181,1
universita,-3302049503891850668,1
universityesports,5422512447921365811,1
università,2548070294349169820,6
unseenworld,-2923673549003254729,1
untemaalgiorno,1957651732369018036,6
upsidedown,5097283523031414496,1
urologi,1032980416001387625,1
ursnif,-6698690084966304305,1
usa,8155818644313586276,1
utenti,-180824723703361086,1
uwcl,7832830577512482475,1
v2,-7068575861599686806,1
vaccini,-2900745956473140205,2
vaccino,5331187406218590005,3
vaccinoanticovid,8375622091242555775,4
veneto,6014126029684569593,5
ventaglidiparole,2585051601668346585,15
vercelli,-4202745629644077417,1
verdicristicchi,8711479940415159887,1
veretout,7679322928044686140,1
vergogna,8285605957468374317,1
veritapergiulioregeni,100179398185960221,2
verona,-5879454215129029506,1
vesuvio,-8022297005702271590,2
viabilità,712102606668770371,1
vicenza,-4382786483653583963,3
vidal,-5428793699799699690,1
video,1864711766143152645,1
vigilidelfuoco,198343041247518242,1
villa,6018579245528611020,1
villafranca,-861537900532137473,1
vincente,8848306466829918823,1
violenzadigenere,1386188349919110110,1
violenzasulledonne,6898484466695980806,1
virologiintv,-5025546936382626079,1
viruselaw,42705379145048619,1
visone,8767987000379421211,1
vitadalettore,-9193875892811493112,1
vitainvolontaria,-145207625221809627,1
vitale,-2633024530766421669,1
viteinfuga,781848922539456703,1
viterbese,-4714532326893655018,1
vittima,6642825048638310980,1
vittoriosgarbi,-1777593167351644826,1
vizcarra,1874676148420864295,1
vociitaliane,-9037073131282994815,1
vogliamolaverità,2189055521960317133,1
volevonascondermi,-4654083899746611265,1
volleynews,6586746811150267058,1
volume,-6907926557453810869,1
wad2020,7872940926566250629,2
webinar,3219445589766349412,3
wef,-5839682328972295403,1
welcomeday,-8713860527900007610,1
weloveleeknow,1031462492821457436,3
wesatimes,7844907541864606363,1
westandwithfarmerschallenge,4167408966549286700,1
wesupportfarmers,-3794184692565305347,1
whamageddon,5936631314355622922,1
whitehouse,6328350180705626859,1
whitneyhouston,-3218783540965327513,3
wimoreenergyvolleyparma,-1529040624884386090,1
wiredtrends,4810810516657593339,2
wolfisback,5073270666601559588,1
wonderfulworld,2450117471019340054,1
woody,5868352579814067754,1
woodyallen,-1254165609698148279,14
work,5189075002031951207,2
worldaidsday,-5669005548993730850,24
writer,5857147526200495267,1
writers,-1278367187610722194,1
writing,-6496544443568125296,1
wwf,8348544674193224965,2
xbox,1132694204383573348,1
xiaomi,6904591431555285797,3
xinjiang,-1434683936167236312,1
youtubeitalia,85622595723688812,1
zauli,-575647252459992073,3
zayn,-6127781481746553627,1
zeymeh,-1910454599670493623,1
zeynep,7874416855828949181,1
ziam,4469324445148612412,1
zigibaby,-7158298456152731575,1
zigisareoverparty,-3531342666902705630,1
zingaretti,-2365092660127017185,1
zonaarancione,-2549878580437346712,1
zonearancioni,-2803140374723478714,1
zonerosse,7874423091439676373,1
zoom,-1952108469138689845,1
zorzi,-2969394137986502636,1
èsempremezzogiorno,5868226757897768758,1
ésempremezzogiorno,-8152242093550675555,1
özgegürel,5601657817119550727,37
özgegürelproduawards2020,5178850056847732448,1
レッドブル,3337362423463293014,1
방탄소년단,-8444363150007250844,1
블랙핑크,-5355585970389683706,1
𝐜𝐨𝐫𝐫𝐢𝐝𝐚,-6648893589077387349,2
𝗔𝗦𝗦𝗨𝗡𝗭𝗜𝗢𝗡𝗜,4387164964232080735,1
𝗖𝗢𝗡𝗧𝗥𝗔𝗧𝗧𝗜,-2362409878296381448,1
𝗣𝗔,5472610393266751024,1
𝗦𝗜𝗖𝗨𝗥𝗘𝗭𝗭𝗔,-3692466415965333825,1
